<?xml version="1.0" encoding="UTF-8"?>
<!-- Generated by eXe - http://exelearning.net -->
<manifest identifier="eXeGramaticas60c9975c26d124b1711" xmlns="http://www.imsproject.org/xsd/imscp_rootv1p1p2" xmlns:adlcp="http://www.adlnet.org/xsd/adlcp_rootv1p2" xmlns:imsmd="http://www.imsglobal.org/xsd/imsmd_v1p2" xmlns:xsi="http://www.w3.org/2001/XMLSchema-instance" xsi:schemaLocation="http://www.imsproject.org/xsd/imscp_rootv1p1p2 imscp_rootv1p1p2.xsd http://www.imsglobal.org/xsd/imsmd_rootv1p2p1 imsmd_rootv1p2p1.xsd http://www.adlnet.org/xsd/adlcp_rootv1p2 adlcp_rootv1p2.xsd" > 
<metadata> 
 <schema>ADL SCORM</schema> 
 <schemaversion>1.2</schemaversion> 
 <adlcp:location>imslrm.xml</adlcp:location> 
</metadata> 
<organizations default="eXeGramaticas60c9975c26d124b1712">  
    <organization identifier="eXeGramaticas60c9975c26d124b1712" structure="hierarchical">
        <title>Matemáticas Discretas II Gramáticas</title>
<item identifier="ITEM-eXeGramaticas60c9975c26d124b1713" isvisible="true" identifierref="RES-eXeGramaticas60c9975c26d124b1714">
    <title>Lenguajes y gramáticas</title>
<item identifier="ITEM-eXeGramaticas60c9975c26d124b1725" isvisible="true" identifierref="RES-eXeGramaticas60c9975c26d124b1726">
    <title>Introducción</title>
</item>
<item identifier="ITEM-eXeGramaticas60c9975c26d124b1737" isvisible="true" identifierref="RES-eXeGramaticas60c9975c26d124b1738">
    <title>Gramáticas de chomsky</title>
</item>
<item identifier="ITEM-eXeGramaticas60c9975c26d124b1739" isvisible="true" identifierref="RES-eXeGramaticas60c9975c26d124b173a">
    <title>Objetivos</title>
</item>
<item identifier="ITEM-eXeGramaticas60c9975c26d124b173b" isvisible="true" identifierref="RES-eXeGramaticas60c9975c26d124b173c">
    <title>Contenido</title>
</item>
<item identifier="ITEM-eXeGramaticas60c9975c26d124b174d" isvisible="true" identifierref="RES-eXeGramaticas60c9975c26d124b174e">
    <title>Conceptos</title>
</item>
<item identifier="ITEM-eXeGramaticas60c9975c26d124b174f" isvisible="true" identifierref="RES-eXeGramaticas60c9975c26d124b17410">
    <title>Test inicial</title>
</item>
<item identifier="ITEM-eXeGramaticas60c9975c26d124b17511" isvisible="true" identifierref="RES-eXeGramaticas60c9975c26d124b17512">
    <title>Ejemplos</title>
</item>
</item>
  </organization>
</organizations>
<resources>
  <resource identifier="RES-eXeGramaticas60c9975c26d124b1714" type="webcontent" adlcp:scormtype="sco" href="index.html"> 
    <file href="index.html"/> 
    <file href="exe_html5.js"/>
    <file href="maquinasTurin.jpg"/>
    <dependency identifierref="COMMON_FILES"/>
  </resource>
  <resource identifier="RES-eXeGramaticas60c9975c26d124b1726" type="webcontent" adlcp:scormtype="sco" href="introduccin.html"> 
    <file href="introduccin.html"/> 
    <file href="exe_html5.js"/>
    <dependency identifierref="COMMON_FILES"/>
  </resource>
  <resource identifier="RES-eXeGramaticas60c9975c26d124b1738" type="webcontent" adlcp:scormtype="sco" href="gramticas_de_chomsky.html"> 
    <file href="gramticas_de_chomsky.html"/> 
    <file href="exe_html5.js"/>
    <dependency identifierref="COMMON_FILES"/>
  </resource>
  <resource identifier="RES-eXeGramaticas60c9975c26d124b173a" type="webcontent" adlcp:scormtype="sco" href="objetivos.html"> 
    <file href="objetivos.html"/> 
    <file href="exe_html5.js"/>
    <dependency identifierref="COMMON_FILES"/>
  </resource>
  <resource identifier="RES-eXeGramaticas60c9975c26d124b173c" type="webcontent" adlcp:scormtype="sco" href="contenido.html"> 
    <file href="contenido.html"/> 
    <file href="exe_html5.js"/>
    <file href="contenidoGramaticas.PNG"/>
    <dependency identifierref="COMMON_FILES"/>
  </resource>
  <resource identifier="RES-eXeGramaticas60c9975c26d124b174e" type="webcontent" adlcp:scormtype="sco" href="conceptos.html"> 
    <file href="conceptos.html"/> 
    <file href="exe_html5.js"/>
    <file href="automataFinitos.png"/>
    <file href="longitudCadena.PNG"/>
    <file href="potenciaCadena.PNG"/>
    <file href="potenciaLenguaje.PNG"/>
    <file href="exe_effects.css"/>
    <file href="exe_effects.js"/>
    <dependency identifierref="COMMON_FILES"/>
  </resource>
  <resource identifier="RES-eXeGramaticas60c9975c26d124b17410" type="webcontent" adlcp:scormtype="sco" href="test_inicial.html"> 
    <file href="test_inicial.html"/> 
    <file href="exe_html5.js"/>
    <file href="automatafinito.png"/>
    <file href="EJE_S1_Y_S2.PNG"/>
    <file href="exequextaudio.png"/>
    <file href="exequextcursor.gif"/>
    <file href="exequextfirstr.png"/>
    <file href="exequextfull.png"/>
    <file href="exequexthits.png"/>
    <file href="exequextlastr.png"/>
    <file href="exequextlive.png"/>
    <file href="exequextlost.png"/>
    <file href="exequextmin.png"/>
    <file href="exequextmoveon.png"/>
    <file href="exequextnextr.png"/>
    <file href="exequextnormal.png"/>
    <file href="exequextnumber.png"/>
    <file href="exequextone.png"/>
    <file href="exequextpause.png"/>
    <file href="exequextplayvideo.png"/>
    <file href="exequextpreviousr.png"/>
    <file href="exequextreload.png"/>
    <file href="exequextreply.png"/>
    <file href="exequextrerrors.png"/>
    <file href="exequextroscomin.png"/>
    <file href="exequextscore.png"/>
    <file href="exequextsq.png"/>
    <file href="exequexttime.png"/>
    <file href="exequexttwo.png"/>
    <file href="exequextvideo.png"/>
    <file href="exequextwon.png"/>
    <file href="gameqp-activity.css"/>
    <file href="quext-activity.js"/>
    <file href="quextHome.png"/>
    <file href="quextIcon.png"/>
    <dependency identifierref="COMMON_FILES"/>
  </resource>
  <resource identifier="RES-eXeGramaticas60c9975c26d124b17512" type="webcontent" adlcp:scormtype="sco" href="ejemplos.html"> 
    <file href="ejemplos.html"/> 
    <file href="exe_html5.js"/>
    <file href="ejem12Automatas.png"/>
    <file href="eje11automatas.png"/>
    <file href="ejeab.PNG"/>
    <file href="eje_bUC_aUbca.PNG"/>
    <file href="automata_0y1.PNG"/>
    <file href="ejealfabetoabc.PNG"/>
    <file href="automata_abbaub.PNG"/>
    <file href="automata_abuba.PNG"/>
    <dependency identifierref="COMMON_FILES"/>
  </resource>
  <resource identifier="COMMON_FILES" type="webcontent" adlcp:scormtype="asset">
    <file href="8055_universidad-del-valle-sede-yumbo.jpg"/>
    <file href="config.xml"/>
    <file href="content.css"/>
    <file href="icon_account.png"/>
    <file href="icon_account_black.png"/>
    <file href="icon_account_white.png"/>
    <file href="icon_alarm.png"/>
    <file href="icon_alarm_black.png"/>
    <file href="icon_alarm_white.png"/>
    <file href="icon_announcement.png"/>
    <file href="icon_announcement_black.png"/>
    <file href="icon_announcement_white.png"/>
    <file href="icon_assessment.png"/>
    <file href="icon_assessment_black.png"/>
    <file href="icon_assessment_white.png"/>
    <file href="icon_assignment.png"/>
    <file href="icon_assignment_black.png"/>
    <file href="icon_assignment_list.png"/>
    <file href="icon_assignment_list_black.png"/>
    <file href="icon_assignment_list_white.png"/>
    <file href="icon_assignment_white.png"/>
    <file href="icon_backup.png"/>
    <file href="icon_backup_black.png"/>
    <file href="icon_backup_white.png"/>
    <file href="icon_camera.png"/>
    <file href="icon_camera_black.png"/>
    <file href="icon_camera_white.png"/>
    <file href="icon_description.png"/>
    <file href="icon_description_black.png"/>
    <file href="icon_description_white.png"/>
    <file href="icon_download.png"/>
    <file href="icon_download_black.png"/>
    <file href="icon_download_white.png"/>
    <file href="icon_event.png"/>
    <file href="icon_event_black.png"/>
    <file href="icon_event_white.png"/>
    <file href="icon_exit.png"/>
    <file href="icon_exit_black.png"/>
    <file href="icon_exit_white.png"/>
    <file href="icon_explore.png"/>
    <file href="icon_explore_black.png"/>
    <file href="icon_explore_white.png"/>
    <file href="icon_info.png"/>
    <file href="icon_info_black.png"/>
    <file href="icon_info_white.png"/>
    <file href="icon_media.png"/>
    <file href="icon_media_black.png"/>
    <file href="icon_media_white.png"/>
    <file href="icon_note.png"/>
    <file href="icon_note_black.png"/>
    <file href="icon_note_white.png"/>
    <file href="icon_puzzle.png"/>
    <file href="icon_puzzle_black.png"/>
    <file href="icon_puzzle_white.png"/>
    <file href="icon_question.png"/>
    <file href="icon_question_black.png"/>
    <file href="icon_question_white.png"/>
    <file href="icon_renew.png"/>
    <file href="icon_renew_black.png"/>
    <file href="icon_renew_white.png"/>
    <file href="icon_search.png"/>
    <file href="icon_search_black.png"/>
    <file href="icon_search_white.png"/>
    <file href="icon_star.png"/>
    <file href="icon_star_black.png"/>
    <file href="icon_star_white.png"/>
    <file href="icon_unread.png"/>
    <file href="icon_unread_black.png"/>
    <file href="icon_unread_white.png"/>
    <file href="icon_wifi.png"/>
    <file href="icon_wifi_black.png"/>
    <file href="icon_wifi_white.png"/>
    <file href="logoUnivalle.jpg"/>
    <file href="nav.css"/>
    <file href="_style_icons.png"/>
    <file href="_style_icons_black.png"/>
    <file href="_style_icons_white.png"/>
    <file href="_style_input_checkbox.png"/>
    <file href="_style_input_radio.png"/>
    <file href="_style_js.js"/>
    <file href="_style_licenses.png"/>
    <file href="base.css"/>
    <file href="popup_bg.gif"/>
    <file href="SCORM_API_wrapper.js"/>
    <file href="SCOFunctions.js"/>
    <file href="common.js"/>
    <file href="common_i18n.js"/>
    <file href="exe_jquery.js"/>
    <file href="content.xsd"/>
    <file href="content.data"/>
    <file href="contentv3.xml"/>
    <file href="imslrm.xml"/>
  </resource>
</resources>
</manifest>
