<?xml version="1.0" encoding="UTF-8"?>
<!-- Generated by eXe - http://exelearning.net -->
<manifest identifier="eXeas__Grafos60c9975c26d124a57b1" xmlns="http://www.imsproject.org/xsd/imscp_rootv1p1p2" xmlns:adlcp="http://www.adlnet.org/xsd/adlcp_rootv1p2" xmlns:imsmd="http://www.imsglobal.org/xsd/imsmd_v1p2" xmlns:xsi="http://www.w3.org/2001/XMLSchema-instance" xsi:schemaLocation="http://www.imsproject.org/xsd/imscp_rootv1p1p2 imscp_rootv1p1p2.xsd http://www.imsglobal.org/xsd/imsmd_rootv1p2p1 imsmd_rootv1p2p1.xsd http://www.adlnet.org/xsd/adlcp_rootv1p2 adlcp_rootv1p2.xsd" > 
<metadata> 
 <schema>ADL SCORM</schema> 
 <schemaversion>1.2</schemaversion> 
 <adlcp:location>imslrm.xml</adlcp:location> 
</metadata> 
<organizations default="eXeas__Grafos60c9975c26d124a57b2">  
    <organization identifier="eXeas__Grafos60c9975c26d124a57b2" structure="hierarchical">
        <title>Matematicas Discretas II</title>
<item identifier="ITEM-eXeas__Grafos60c9975c26d124a57b3" isvisible="true" identifierref="RES-eXeas__Grafos60c9975c26d124a57b4">
    <title>Teoría de Grafos</title>
<item identifier="ITEM-eXeas__Grafos60c9975c26d124a57c5" isvisible="true" identifierref="RES-eXeas__Grafos60c9975c26d124a57c6">
    <title>Introducción</title>
</item>
<item identifier="ITEM-eXeas__Grafos60c9975c26d124a57c7" isvisible="true" identifierref="RES-eXeas__Grafos60c9975c26d124a57c8">
    <title>Aplicaciones de la teoría de grafos</title>
</item>
<item identifier="ITEM-eXeas__Grafos60c9975c26d124a57d9" isvisible="true" identifierref="RES-eXeas__Grafos60c9975c26d124a57da">
    <title>Objetivos</title>
</item>
<item identifier="ITEM-eXeas__Grafos60c9975c26d124a57db" isvisible="true" identifierref="RES-eXeas__Grafos60c9975c26d124a57dc">
    <title>Contenido</title>
</item>
<item identifier="ITEM-eXeas__Grafos60c9975c26d124a57ed" isvisible="true" identifierref="RES-eXeas__Grafos60c9975c26d124a57ee">
    <title>Conceptos</title>
</item>
<item identifier="ITEM-eXeas__Grafos60c9975c26d124a583f" isvisible="true" identifierref="RES-eXeas__Grafos60c9975c26d124a58310">
    <title>Test inicial</title>
</item>
<item identifier="ITEM-eXeas__Grafos60c9975c26d124a58411" isvisible="true" identifierref="RES-eXeas__Grafos60c9975c26d124a58412">
    <title>Ejemplos</title>
</item>
</item>
  </organization>
</organizations>
<resources>
  <resource identifier="RES-eXeas__Grafos60c9975c26d124a57b4" type="webcontent" adlcp:scormtype="sco" href="index.html"> 
    <file href="index.html"/> 
    <file href="exe_html5.js"/>
    <file href="rutasAereas.gif"/>
    <dependency identifierref="COMMON_FILES"/>
  </resource>
  <resource identifier="RES-eXeas__Grafos60c9975c26d124a57c6" type="webcontent" adlcp:scormtype="sco" href="introduccin.html"> 
    <file href="introduccin.html"/> 
    <file href="exe_html5.js"/>
    <dependency identifierref="COMMON_FILES"/>
  </resource>
  <resource identifier="RES-eXeas__Grafos60c9975c26d124a57c8" type="webcontent" adlcp:scormtype="sco" href="aplicaciones_de_la_teora_de_grafos.html"> 
    <file href="aplicaciones_de_la_teora_de_grafos.html"/> 
    <file href="exe_html5.js"/>
    <dependency identifierref="COMMON_FILES"/>
  </resource>
  <resource identifier="RES-eXeas__Grafos60c9975c26d124a57da" type="webcontent" adlcp:scormtype="sco" href="objetivos.html"> 
    <file href="objetivos.html"/> 
    <file href="exe_html5.js"/>
    <dependency identifierref="COMMON_FILES"/>
  </resource>
  <resource identifier="RES-eXeas__Grafos60c9975c26d124a57dc" type="webcontent" adlcp:scormtype="sco" href="contenido.html"> 
    <file href="contenido.html"/> 
    <file href="exe_html5.js"/>
    <file href="ContenidoGrafo.PNG"/>
    <dependency identifierref="COMMON_FILES"/>
  </resource>
  <resource identifier="RES-eXeas__Grafos60c9975c26d124a57ee" type="webcontent" adlcp:scormtype="sco" href="conceptos.html"> 
    <file href="conceptos.html"/> 
    <file href="exe_html5.js"/>
    <file href="dirigido_teorema.PNG"/>
    <file href="bipartito_completo.gif"/>
    <file href="grafoNoDirigido.gif"/>
    <file href="Complemeto_de_un_grafo.PNG"/>
    <file href="Subgrafo.PNG"/>
    <file href="C5.png"/>
    <file href="SIMPLE-GRAPH.jpg"/>
    <file href="completo.png"/>
    <file href="MatrizDeIncidencia.jpg"/>
    <file href="rueda.png"/>
    <file href="grafo-y-matriz2.gif"/>
    <file href="teorema.PNG"/>
    <file href="ciclo.jpg"/>
    <file href="ruedaEjSecuencia.PNG"/>
    <file href="Grafo_conexo_y_no_conexo.PNG"/>
    <file href="200px-Grafo_con_dos_subconjuntos.jpg"/>
    <file href="grafoC5complemento.PNG"/>
    <file href="grafoAciclicloD.png"/>
    <file href="descarga.png"/>
    <file href="1200px-Multigraph.svg.png"/>
    <file href="Captura.PNG"/>
    <file href="Hamiltonian_path.svg.png"/>
    <file href="euler.gif"/>
    <file href="grafoDirigido.gif"/>
    <file href="exe_effects.css"/>
    <file href="exe_effects.js"/>
    <dependency identifierref="COMMON_FILES"/>
  </resource>
  <resource identifier="RES-eXeas__Grafos60c9975c26d124a58310" type="webcontent" adlcp:scormtype="sco" href="test_inicial.html"> 
    <file href="test_inicial.html"/> 
    <file href="exe_html5.js"/>
    <file href="grafo_dirigido.png"/>
    <file href="ejeDibujo_.jpg"/>
    <file href="grafo_vacio.png"/>
    <file href="eje_adivina.jpg"/>
    <file href="adivina-activity.js"/>
    <file href="adivinaHome.png"/>
    <file href="adivinaIcon.png"/>
    <file href="exequextaudio.png"/>
    <file href="exequextcursor.gif"/>
    <file href="exequextfirstr.png"/>
    <file href="exequextfull.png"/>
    <file href="exequexthits.png"/>
    <file href="exequextlastr.png"/>
    <file href="exequextlive.png"/>
    <file href="exequextlost.png"/>
    <file href="exequextmin.png"/>
    <file href="exequextmoveon.png"/>
    <file href="exequextnextr.png"/>
    <file href="exequextnormal.png"/>
    <file href="exequextnumber.png"/>
    <file href="exequextone.png"/>
    <file href="exequextpause.png"/>
    <file href="exequextplayvideo.png"/>
    <file href="exequextpreviousr.png"/>
    <file href="exequextreload.png"/>
    <file href="exequextreply.png"/>
    <file href="exequextrerrors.png"/>
    <file href="exequextroscomin.png"/>
    <file href="exequextscore.png"/>
    <file href="exequextsq.png"/>
    <file href="exequexttime.png"/>
    <file href="exequexttwo.png"/>
    <file href="exequextvideo.png"/>
    <file href="exequextwon.png"/>
    <file href="gameqp-activity.css"/>
    <dependency identifierref="COMMON_FILES"/>
  </resource>
  <resource identifier="RES-eXeas__Grafos60c9975c26d124a58412" type="webcontent" adlcp:scormtype="sco" href="ejemplos.html"> 
    <file href="ejemplos.html"/> 
    <file href="exe_html5.js"/>
    <file href="Incidencia.PNG"/>
    <file href="eje18_grafos.png"/>
    <file href="eje5matrizBipartito.PNG"/>
    <file href="w5ejemplo.PNG"/>
    <file href="2SubgrafosEj.PNG"/>
    <file href="G2euler.PNG"/>
    <file href="subgrafoResp.PNG"/>
    <file href="Eje53subgrafos.PNG"/>
    <file href="fig2ejehamilton.PNG"/>
    <file href="G1Nuevo.PNG"/>
    <file href="eje19_grafos.png"/>
    <file href="grafo.PNG"/>
    <file href="Grafo2ejemp.PNG"/>
    <file href="ejemplo18A.PNG"/>
    <file href="ej16grafos.png"/>
    <file href="ejemplo18_grafos_bip.png"/>
    <file href="num_eje_9.PNG"/>
    <file href="eje4gradosVertice.PNG"/>
    <file href="H2nuevo.PNG"/>
    <file href="ejeListaVertices.PNG"/>
    <file href="adyacen.PNG"/>
    <file href="grafos_eje19R.png"/>
    <file href="eje17resp1.png"/>
    <file href="H1euler.PNG"/>
    <file href="G3euler.PNG"/>
    <file href="H3euler.PNG"/>
    <file href="respuesta4eje16.png"/>
    <file href="ejemplo18B.PNG"/>
    <file href="ejemplo17resp2.PNG"/>
    <file href="k14eje.PNG"/>
    <file href="hamilton_demostrar.PNG"/>
    <dependency identifierref="COMMON_FILES"/>
  </resource>
  <resource identifier="COMMON_FILES" type="webcontent" adlcp:scormtype="asset">
    <file href="8055_universidad-del-valle-sede-yumbo.jpg"/>
    <file href="config.xml"/>
    <file href="content.css"/>
    <file href="icon_account.png"/>
    <file href="icon_account_black.png"/>
    <file href="icon_account_white.png"/>
    <file href="icon_alarm.png"/>
    <file href="icon_alarm_black.png"/>
    <file href="icon_alarm_white.png"/>
    <file href="icon_announcement.png"/>
    <file href="icon_announcement_black.png"/>
    <file href="icon_announcement_white.png"/>
    <file href="icon_assessment.png"/>
    <file href="icon_assessment_black.png"/>
    <file href="icon_assessment_white.png"/>
    <file href="icon_assignment.png"/>
    <file href="icon_assignment_black.png"/>
    <file href="icon_assignment_list.png"/>
    <file href="icon_assignment_list_black.png"/>
    <file href="icon_assignment_list_white.png"/>
    <file href="icon_assignment_white.png"/>
    <file href="icon_backup.png"/>
    <file href="icon_backup_black.png"/>
    <file href="icon_backup_white.png"/>
    <file href="icon_camera.png"/>
    <file href="icon_camera_black.png"/>
    <file href="icon_camera_white.png"/>
    <file href="icon_description.png"/>
    <file href="icon_description_black.png"/>
    <file href="icon_description_white.png"/>
    <file href="icon_download.png"/>
    <file href="icon_download_black.png"/>
    <file href="icon_download_white.png"/>
    <file href="icon_event.png"/>
    <file href="icon_event_black.png"/>
    <file href="icon_event_white.png"/>
    <file href="icon_exit.png"/>
    <file href="icon_exit_black.png"/>
    <file href="icon_exit_white.png"/>
    <file href="icon_explore.png"/>
    <file href="icon_explore_black.png"/>
    <file href="icon_explore_white.png"/>
    <file href="icon_info.png"/>
    <file href="icon_info_black.png"/>
    <file href="icon_info_white.png"/>
    <file href="icon_media.png"/>
    <file href="icon_media_black.png"/>
    <file href="icon_media_white.png"/>
    <file href="icon_note.png"/>
    <file href="icon_note_black.png"/>
    <file href="icon_note_white.png"/>
    <file href="icon_puzzle.png"/>
    <file href="icon_puzzle_black.png"/>
    <file href="icon_puzzle_white.png"/>
    <file href="icon_question.png"/>
    <file href="icon_question_black.png"/>
    <file href="icon_question_white.png"/>
    <file href="icon_renew.png"/>
    <file href="icon_renew_black.png"/>
    <file href="icon_renew_white.png"/>
    <file href="icon_search.png"/>
    <file href="icon_search_black.png"/>
    <file href="icon_search_white.png"/>
    <file href="icon_star.png"/>
    <file href="icon_star_black.png"/>
    <file href="icon_star_white.png"/>
    <file href="icon_unread.png"/>
    <file href="icon_unread_black.png"/>
    <file href="icon_unread_white.png"/>
    <file href="icon_wifi.png"/>
    <file href="icon_wifi_black.png"/>
    <file href="icon_wifi_white.png"/>
    <file href="logoUnivalle.jpg"/>
    <file href="nav.css"/>
    <file href="_style_icons.png"/>
    <file href="_style_icons_black.png"/>
    <file href="_style_icons_white.png"/>
    <file href="_style_input_checkbox.png"/>
    <file href="_style_input_radio.png"/>
    <file href="_style_js.js"/>
    <file href="_style_licenses.png"/>
    <file href="base.css"/>
    <file href="popup_bg.gif"/>
    <file href="SCORM_API_wrapper.js"/>
    <file href="SCOFunctions.js"/>
    <file href="common.js"/>
    <file href="common_i18n.js"/>
    <file href="exe_jquery.js"/>
    <file href="content.xsd"/>
    <file href="content.data"/>
    <file href="contentv3.xml"/>
    <file href="imslrm.xml"/>
  </resource>
</resources>
</manifest>
